index,0
[6 6 6 6 6],0.8671756344518726
[3 3 3 3 3],0.8011638378659052
[4 4 4 4 4],0.7868809631985462
[1 1 1 1 1],0.7840620334912702
[5 5 5 5 5],0.7669577951580451
[2 2 2 2 2],0.7407903063542545
